Assignee_Name,NUM
"24M Technologies, Inc.",18
3DOM INC,4
3M INNOVATIVE PROPERTIES COMPANY,20
3M Innovative Properties Company,119
"A123 Systems, LLC",3
A123 Systems LLC,8
"A123 Systems, Inc.",81
Aalborg Universitet,1
ABSL Power Solutions Ltd,2
Acal Energy Limited,5
Accentus PLC,2
Accentus plc,2
ACEP Inc.,62
"ACEP, Inc.",30
ACEP Inc,5
Acep Inc.,6
ACREO SWEDISH ICT AB,3
Acumentrics Corporation,35
"ADA Technologies, Inc.",2
"ADA TECHNOLOGIES, INC.",1
"Adavolt, Inc.",2
Advanced Energy Technology Inc.,2
"Advanced Modular Power Systems, Inc.",6
"Advanced Polymer Research, Inc.",3
"Adven Polymers, Inc.",1
Advent Technologies,6
Advent Technologies SA,11
AEA Technology plc,2
Aea Technology PLC,2
AEG Energietechnik GmbH,8
AF Sammer Corporation,2
AGC Inc.,11
"AGC SEIMI CHEMICAL CO., LTD.",6
"Seimi Chemical Co., Ltd.",12
Agence Nationale de Valorisation de la Recherche (ANVAR),2
AGENCIA ESTALAL CONSEJO SUPERIOR DE INVESTIGACIONES CIENTIFICAS,3
"Agency for Science, Technology and Research",4
Agency of Industrial Science & Technology,6
"Agency of Industrial Science & Technology, Ministry of International",5
Agency of Industrial Science and Technology,4
"Air Products and Chemicals, Inc.",6
Airbus Defence and Space GmbH,10
AIRBUS DEFENCE AND SPACE GMBH,1
Airbus Operations GmbH,14
"Aisin AW Co., Ltd.",5
Aisin Seiki Kabushiki Kaisha,34
"Aisin Takaoka Co., Ltd.",12
UNIVERSITE D'AIX MARSEILLE,10
Akita University,1
Albemarle Germany GmbH,7
Alberta Innovates—Technology Futures,4
Alcatel,18
Alcatel Alsthom Compagnie Generale d'Electricite,2
Alcatel-Lucent USA Inc.,1
"Alliance for Sustainable Energy, LLC",25
"Alliance For Sustainable Energy, LLC",3
Alliant Techsystems Inc.,2
Allied Signal Inc.,2
AlliedSignal Inc.,31
Allied-Signal Inc.,19
"AlliedSignal, Inc.",4
"Allied-Signal, Inc.",2
Alstom UK Ltd.,3
Aluminum Company of America,1
"Amazon Technologies, Inc.",5
American Lithium Energy Corporation,5
AMITA TECHNOLOGIES INC LTD.,4
"AMOGREENTECH CO., LTD.",10
Amtek Research International LLC,3
Analytic Power Corp.,2
Angstrom Power Inc.,5
Angstrom Power Incorporated,10
Apple Inc.,75
APPLE INC.,5
"APPLE, INC.",3
APPLEJACK 199 L.P.,9
"Applied Materials, Inc.",38
"APPLIED MATERIALS, INC.",8
Arcotronics Industries S.p.A,2
Areva,9
AREVA STOCKAGE D'ENERGIE,1
Arizona Board of Regents on Behalf of Arizona State University,2
Arizona Board of Regents,7
"ARIZONA BOARD OF REGENTS, A BODY CORPORATE OF THE STATE OF ARIZONA ACTING FOR AND ON BEHALF OF ARIZONA STATE UNIVERSITY",18
"Arizona Board of Regents, a Body Corporate of the State of Arizona Acting for and on Behalf of Arizona State University",3
"Arizona Board of Regents, a body corporate of the state of Arizona, acting for Arizona State University",3
"Arizona State University (Arizona Board of Regents, a body corporate acting on behalf of Arizona State University)",2
Arizona Board of Regents on behalf of Arizona State University,23
Arizona Board of Regents for and on behalf of Arizona State University,12
"Arizona Board of Regents, acting for and on behalf of Arizona State University",6
ARKEMA FRANCE,7
Arkema Inc.,40
Arkema France,3
Armines,9
"Arthur D Little, Inc.",4
"Arthur D. Little, Inc.",13
"Asahi Glass Company, Limited",92
"ASAHI GLASS COMPANY, LIMITED",5
Asahi Glass Company Ltd.,4
"Asahi Glass Company, Ltd.",8
Asahi Kasei Chemicals Corporation,14
ASAHI KASEI CHEMICALS CORPORATION,3
Asahi Kasei Kabushiki Kaisha,35
ASAHI KASEI KABUSHIKI KAISHA,60
Asahi Kasei Kogyo Kabushiki Kaisha,4
Asahi Kasei E-Materials Corporation,16
ASAHI KASEI E-MATERIALS CORPORATION,12
Asahi Kasei E-materials Corporation,8
Asea Brown Boveri Ltd.,2
Asea Brown Boveri AG,1
"Asia Pacific Fuel Cell Technologies, Ltd.",1
"Associated Universities, Inc.",9
"Atofina Chemicals, Inc.",4
KABUSHIKI KAISHA ATSUMITEC,3
Kabushiki Kaisha Asumitec,1
Kabushiki Kaisha Atsumitec,1
Au Optronics Corp.,4
AUDI AG,11
Audi AG,33
Austmont S.p.A.,3
Ausimont S.p.A.,5
Automobiles Citrogen,7
Automobiles Peugeot,7
Avertica Inc.,1
Avestor Limited Partnership,14
"Avista Laboratories, Inc.",6
Avista Labs,5
Axiva GmbH,6
"Baiso Co., Ltd.",4
Ballard Generation Systems Inc.,4
"Ballard Generation Systems, Inc.",4
Ballard Material Products Inc.,2
Ballard Power Systems Inc.,332
Ballard Power Systems AG,3
"Ballard Power Systems, Inc.",14
"Ballard Power System, Inc.",3
Ballard Powers Systems Inc.,4
BASF Aktiengesellschaft,34
BASF Corporation,4
BASF Fuel Cell GmbH,33
BASF SE,125
Bathium Canada Inc.,20
BATHIUM CANADA INC.,9
Batscap,13
"Battelle Energy Alliance, LLC",4
Battelle Memorial Institute,57
BATTELLE MEMORIAL INSTITUTE,8
"Battery Engineering, Inc.",1
Bayerische Motoren Werke Aktiengesellschaft,31
"BBC Brown, Boveri & Company, Limited",3
BCS Technology,2
"BCS Technology, Inc.",3
BDF IP Holdings Ltd.,5
Bechtel Corporation,1
"BEIJING BOE OPTOELECTRONICS TECHNOLOGY CO., LTD.",5
"BEIJING ZHONGKAIHONGDE TECHNOLOGY CO., LTD",7
Belenos Clean Power Holding AG,3
Bell Communications Research Inc.,4
"Bell Communications Research, Inc.",40
"Bell Telephone Laboratories, Incorporated",3
Ben Gurion University of the Negev Research & Development Authority,2
Ben Gurion University of the Negev R&D Authority,6
Ben Gurion University of the Negev Research and Development Authority,5
Bendix Autolite Corporation,18
Bettergy Corp.,8
Between Lizenz GmbH,1
BG PLC,1
"BG, plc",1
"BHA Group, Inc.",6
Binsmaier nee Gallin-Ast; Hannelore,1
BIOENNO TECH LLC,5
Bloom Energy Corporation,40
BLOOM ENERGY CORPORATION,122
"Blue Current, Inc.",214
Blue Solutions,2
BLUE SOLUTIONS,25
BLUE SOLUTIONS CANADA INC.,21
Blue Solutions Canada Inc.,5
"Board of Regents, The University of Texas System",185
"BOARD OF REGENTS, THE UNIVERSITY OF TEXAS SYSTEM",12
BOARD OF TRUSTEES OF MICHIGAN STATE UNIVERSITY,9
Board of Trustees of Michigan State University,3
"BOE TECHNOLOGY GROUP CO., LTD.",5
BORSIG Process Heat Exchanger GmbH,4
Bose Corporation,1
"BPS Co., Ltd",1
BRETON SPA,10
BRETON S.P.A.,6
Breton SpA,2
Bridgestone Corporation,39
Brigham Young University,1
British Nuclear Fuels plc,2
British Nuclear Fuels PLC,3
Brookhaven Science Associates,4
"Brookhaven Science Associates, LLC",4
Brother Kogyo Kabushiki Kaisha,12
"BTU International, Inc.",4
BYD COMPANY LIMITED,6
C2CNT LLC,2
"C3 International, LLC",5
Cabot Corporation,5
Caleb Technology Corporation,2
California Institute of Technology,323
California institute of Technology,7
CALIFORNIA INSTITUTE OF TECHNOLOGY,44
Canon Kabushiki Kaisha,45
Carbonxt Group Limited,2
"Cardiac Pacemakers, Inc.",2
Carl Freudenberg KG,1
"Carleton Life Support Systems, Inc.",2
Case Western Reserve University,13
Caterpillar Global Mining Europe GmbH,3
Celanese Ventures GmbH,9
Celgard LLC,4
Celgard Inc.,3
"Celgard, LLC",4
"Cellera, Inc.",1
"CellTech Power, Inc.",1
"Central Glass Company, Limited",21
"Central Glass Company, Ltd.",4
Central Research Institute of Electric Power Industry,4
CENTRE NATIONAL DE LA RECHERCHE SCIENTIFIQUE,82
Centre National de la Recherche Scientifique,197
Centre National de la Recherche Scientifique (“CNRS”),6
CNRS,18
Le Centre National de la Recherche Scientifique,15
Centre National de la Recherche Scientifique (CNRS),2
CNRS (Centre National de la Recherche Scientifique),6
CENTRE NATIONALE DE RECHERCHE SCIENTIFIQUE,2
Centre de la Recherche Scientifique,4
Centre National de la Rechecch Scientifique,5
Centre National De La Recherche Scientifique,8
CENTRE NATIONAL DE LA RECHERCHE SCIENTIFIC,6
CENTRE NATIONAL DE LA RECHERCHE SCIENTIFIQUE-CNRS-,4
CENTRE NATIONAL DE LA RECHERCHE SCIENTIFIQUE—CNRS,13
CNRS (CENTRE NATIONAL DE LA RECHERCHE SCIENTIFIQUE),6
Centre Nationale de la Recherche,1
Centre Nationale de la Recherche Scientifique,3
CRF Societa Consortile per Azioni,4
CERAM HYD,2
"Ceramatec, Inc.",34
"CERAMATEC, Inc.",12
"CERAMATEC, INC.",32
"Ceramatec, Inc",6
Ceramic Fuel Cells Limited,14
Ceramic Fuel Cells Ltd.,2
Ceres Intellectual Property Company Limited,17
CERES INTELLECTUAL PROPERTY COMPANY LIMITED,4
CERION LLC,1
"Cermacell, LLC",2
"Cerramatec, Inc.",3
CHANG CHUN PETROCHEMICAL CO. LTD.,4
Chang Gung University,4
"Changs Ascending Enterprise Co., Ltd.",6
"Changzhou Zhongke Laifang Power Development Co., Ltd.",8
Cheil Industries,4
"Cheil Industries, Inc.",3
Chemergy Ltd.,1
Chevron U.S.A. Inc.,3
"Chevron U.S.A., Inc.",2
Chisso Corporation,3
Chisso Petrochemical Corporation,3
"Chlorine Engineers Corp., Ltd.",1
"CHONGQING JINKANG NEW ENERGY AUTOMOBILE CO., LTD.",4
Chronar Corp.,1
CIC ENERGIGUNE,3
"CITY LABS, INC.",4
"City Labs, Inc.",1
City Technology Limited,2
City University of Hong Kong,28
CJBD Limited,3
Clark Atlanta University,4
Clarkson University,8
CLEMSON UNIVERSITY,2
College of William and Mary,2
Colorado School of Mines,15
COLORADO SCHOOL OF MINES,9
Colorado State University Research Foundation,21
"Combustion Engineering, Inc.",3
Commissariat a l'Engergie Atomique,4
COMMISSARIAT A L'ENERGIE ATOMIQUE ET AUX ENERGIES ALTERNATIVES,94
Commissariat a l'Energie Atomique et Aux Energies Alternatives,4
Commissariat a l'Energie Atomique,66
Commissariat a l'Energie Atomique et aux Energies Alternatives,13
Commissariat a l′Energie Atomique,4
COMMISARIAT A L'ENERGIE ATOMIQUE ET AUX ENERGIES ALTERNATIVES,2
COMMISSARIAT A L'ENERGIE ATOMIQUE ET AUX ENERGIES,2
COMMISSARIAT A L'ENERGIE ATOMIQUE ET AUX ENERGIES ALTERNATIVE,2
Commissariat a l'energie atomique et aux energies alternatives,9
Commissariat A L'Energie Atomique Et Aux Energies Alternatives,4
Commissariat A L'Energie Atomique et aux Energies Alternatives,2
COMMISSARIAT À L'ENERGIE ATOMIQUE ET AUX ENERGIES ALTERNATIVES,6
COMMISSARIAT À L'ÉNERGIE ATOMIQUE ET AUX ÉNERGIES ALTERNATIVES,10
Commissariat à l'Énergie Atomique et aux Énergies Alternatives,9
Commissariat à l'Énergie Atomique et aux Énergies Aternatives,7
Commissariat A'Lenergie Atomique,4
Commonwealth Scientific and Industrial Research Organisation,4
Compagnie Generale des Etablissements Michelin,5
COMPAGNIE GENERALE DES ETABLISSEMENTS MICHELIN,1
Compaq Computer Corporation,1
Comsat Corporation,2
Conservatoire National des Arts et Metiers and Electricite de France (Service National),1
Consiglio Nazionale Delle Ricerche,5
"CONTEMPORARY AMPEREX TECHNOLOGY CO., LIMITED",32
Continental Automotive GmbH,5
"CoorsTek, Inc.",7
"CoorsTek, INc.",2
Cornell University,10
CORNELL UNIVERSITY,29
"Cornerstone Research Group, Inc.",6
Corning Incorporated,78
CORNING INCORPORATED,115
Council of Scientific and Industrial Research,3
COUNCIL OF SCIENTIFIC & INDUSTRIAL RESEARCH,6
Council of Scientific & Industrial Research,3
Covalent Associates Incorporated,1
"CP SOFC IP, LLC",2
CPD INNOVATION,10
CSTI. COMM. V,3
Cummins Enterprise LLC,1
Cymbet Corporation,121
CYMBET CORPORATION,8
CYMBET Corporation,4
"Daihatsu Motor Co., Ltd.",7
"DAIICHI KIGENSO KAGAKU KOGYO CO., LTD.",5
"Dai-Ichi Kogyo Seiyaku Co., Ltd.",42
"Dai-ichi Kogyo Seiyaku Co., Ltd.",2
"Dai-Ichi Kogyo Seigaku Co., Ltd.",4
"Dai-Ichi Kogyo Seiyaki Co., Ltd.",9
"Daikin Industries, Ltd.",38
"DAIKIN INDUSTRIES, LTD.",60
Daimler AG,44
Daimler-Benz AG,31
Daimler-Benz Aktiengesellschaft,6
DaimlerChrysler AG,21
"Dainichiseika Color & Chemicals Mfg. Co., Ltd.",12
"Dainippon Screen MFG. Co., Ltd.",3
"Dainippon Screen Mfg. Co., Ltd.",4
Dais Corporation,8
"Daiso Co., Ltd.",36
"Daiso Co., LTD",4
Danacell ApS,2
Danionics A/S,4
Danish Power Systems APS,3
Danmarks Tekniske Universitet,2
"David Fuel Cell Components, S.L.",2
"DCH Technology, Inc.",1
Nedarlandse Organisatie voor toegepast-natuurwetenschappelijk onderzoek TNO,4
Nederlandse Organisatie voor toegepast-natuurwetenschappelijk onderzoek TNO,10
NEDERLANDSE ORGANISATIE VOOR TOEGEPAST-NATUURWETENSCHAPPELIJK ONDERZOEK TNO,5
De Nora Permelec S.p.A.,6
De Nora S.p.A.,19
DeNora S.p.A.,7
Deakin University,5
Degussa Aktiengesellschaft,9
Degussa-Huls Aktiengesellschaft,7
Degussa AG,4
Degussa-Huls Aktiengellschaft,4
"Delphi Technologies, Inc.",38
"DEMARAY, LLC",4
Den norske stats ol jeselskap a.s,3
DENSO CORPORATION,9
Denso Corporation,5
Design Technology & Innovation,3
Design Technology and Innovation Ltd.,3
Detroit Center Tool,4
Deutsches Zentrum fuer Luft -und Raumfahrt e.V.,2
Deutsche Forschungsanstalt fuer Luft- und Raumfahrt e.V.,2
Diamond Shamrock Chemicals Company,3
"Dioxide Materials, Inc",2
"Dioxide Materials, Inc.",28
DKJ NEW ENERGY S & T CO. LTD.,3
dmc,5
Donaldson & Co.,2
Donnelly Corporation,4
DOOSAN CORPORATION,21
Dornier GmbH,12
"Dow Corning Toray Silicone Co., Ltd.",4
Dow Global Technologies LLC,8
"DOWA HOLDINGS CO., LTD.",14
Dowty Electronic Components Limited,4
DR. ING. H.C.F. PORSCHE AG,2
"Dreamweaver International, Inc.",1
Drexel University,27
Du Pont-Mitsui Polychemicals Co. Ltd,4
Duracell International Inc.,2
DYNANTIS CORPORATION,1
Dyson Technology Limited,19
E. I. du Pont de Nemours and Company,106
E.I. du Pont de Nemours and Company,31
E. I. Du Pont de Nemours and Company,30
E. I. du Pont Nemours and Co.,5
E. I. duPont de Nemours and Company,2
E. I. Du Pont de Nemours Company,4
"E. I. du Pont de Nemours and Company, Inc.",3
E I du Pont de Nemours and Company,11
E.I. du Pont Demours and Company,1
E.C.R. - Electro-Chemical Research Ltd.,7
E.C.R. -Electro-Chemical Research Ltd.,5
E.C.R.-Electro-Chemical Research Ltd.,5
"Eaglepicher Technologies, LLC",2
"EAGLEPICHER TECHNOLOGIES, LLC",5
"EC POWER, LLC",6
Edmund David Burke,1
EE Systems Group Inc.,2
"EIC Laboratories, Inc.",12
EIC Laboratories Inc.,2
ELBIT SYSTEMS LAND AND C4I LTD,1
Elcogen AS,7
elcomax membranes GmbH,4
Elcomax Membranes GmbH,4
Electricite De France,6
ELECTRICITE DE FRANCE,23
Electricite de France,5
Electricite de France-Service National,4
Electricite de France (Servuce National),3
Electricite de France - Service National,1
"Electrion, Inc.",1
"ElectroChem, Inc.",3
Electrofuel Inc.,2
ELECTRONICS AND TELECOMMUNICATIONS RESEARCH INSTITUTE,47
Electronics and Telecommunications Research Institute,20
Electrovaya Inc.,11
"Elf Atochem North America, Inc.",2
ELRINGKLINGER AG,1
"Eltron Research, Inc.",5
Emitec Gesellschaft fuer Emissionstechnologie mbH,6
Empire Technology Development LLC,3
EMPIRE TECHNOLOGY DEVELOPMENT LLC,2
Encite LLC,15
ENCITE LLC,4
"Encite, LLC",3
ENER1 Battery Company,5
"Enerdel, Inc.",4
"Energy Partners, L.C.",10
Energy Research Corporation,6
Enerize Corporation,17
"Enerland Co., Ltd.",1
ENEVATE CORPORATION,4
Enevate Corporation,3
Engelhard Minerals & Chemicals Corporation,1
Eniricerche S.p.A.,9
Eniricherche S.p.A.,3
ENLIGHTEN INNOVATIONS INC.,3
Enlighten Innovations Inc.,3
Enocell Limited,1
Enovix Corporation,56
ENOVIX CORPORATION,56
"Entegris, Inc.",1
Envision AESC Energy Devices Ltd.,3
Eras-Labo,19
eSionic Corp.,2
"eSionic ES, Inc.",2
"Eskra Technical Products, Inc.",4
"Evans Cooling Systems, Inc.",2
"Eveready Battery Company, Inc.",6
Eveready Battery Company,1
Evonik Degussa Gmbh,3
Evonik Degussa GmbH,7
EVONIK DEGUSSA GmbH,4
Evoqua Water Technologies LLC,5
Excellatron Solid State LLC,3
"Excellatron Solid State, LLC",15
Exxon Research & Engineering Co.,6
Exxon Research and Engineering Co.,4
"Exxon Research and Engineering Co.,",3
"Faith Technologies, Inc.",1
"Faraday Technology, Inc.",2
"FCET, Inc.",9
"FCET, INC.",10
FDK Corporation,4
"FIELD UPGRADING U.S.A., INC.",2
"FIELD UPGRADING USA, INC.",38
"Field Upgrading USA, Inc.",4
Finmeccanica S.p.A. Azienda Ansaldo,2
Firma Carl Freudenberg,6
"Florida State University Research Foundation, Inc.",2
"The Florida State University Research Foundation, Inc.",2
"THE FLORIDA STATE UNIVERSITY RESEARCH FOUNDATION, INC.",1
"FLUIDIC, INC.",6
"Fluidic, Inc.",4
FM LAB,4
FMC Corporation,4
"Ford Global Technologies, LLC",30
"FORD GLOBAL TECHNOLOGIES, LLC",21
"Ford Global Technologies, Inc.",4
Ford Motor Company,34
"FORM ENERGY, INC.",4
Forschungszentrum JUlich GmbH,1
Forschungszentrum Julich GmbH,9
Forschungszeutrum Julich GmbH,3
Forschungszentrum Juelich GmbH,6
FORSCHUNGSZENTRUM JUELICH GMBH,7
FORSCHUNGZENTRUM JUELICH GMBH,4
Forshungszentrum JUlich GbmH,2
"Foster-Miller, Inc.",9
Fraunhofer-Gesellschaft zur Foerderung der angewandten Forschung e.V.,8
Fraunhofer-Gesellschaft zur Foerderung der Angewandten Forschung e.V.,2
Fraunhofer-Gesellschaft zur Forderung der Angewandten Forschung e.V.,4
Fraunhofer Gesellschaft zur Foerderung der angewandten Forschung e.V.,6
FRAUNHOFER-GESELLSCHAFT ZUR FOERDERUNG DER ANGEWANDTEN FORSCHUNG E.V.,7
Fraunhofer-Gesellschaft zur Forderung der angewandten Forschung e.V.,5
Fraunhofer Gesellschaft zur Forderung der angewandten Forschund e.v.,2
Fraunhofer Gesellschaft Zur Forderung der Angewandten Forschung E.V.,2
Fraunhofer-Gesellschaft Zur Foerderung der Angewandten,2
Fraunhofer-Gesellschaft zur Foerderung der angewandten Forschung e. V.,2
Fraunhofer-Gesellschaft Zur Forderung Der Angewandten Forschung E.V.,2
FRAUNHOFER-GESELLSCHAFT ZUR FORDERUNG DER ANGEWANDTEN FORSCHUNG E.V.,2
Fraunhofer-Gesellschaft zur Forderung der Angewandten Forschung E.V.,2
PRAUNHOFER-GESELLSCHAFT ZUR FOERDERUNG DER ANGEWANDTEN FORSCHUNG,3
Fraunhofer-Gesellschaft zur Foerderung der Angewandten Forschung E.V.,1
"Front Edge Technology, Inc.",28
"FRONT EDGE TECHNOLOGY, INC.",8
Front Edge Technology,6
Front Edge Technology Inc.,5
"Fucellco, Incorporated",1
"FuelCell Energy, Inc.",3
"Fuelcell Energy, Ltd.",3
"Fuji Electric Co., Ltd.",9
Fuji Jukogyo Kabushiki Kaisya,4
"Fuji Photo Film Co., Ltd.",22
FUJIFILM Business Innovation Corp.,5
FUJIFILM BUSINESS INNOVATION CORP.,4
FUJIFILM Corporation,90
Fujifilm Manufacturing Europe BV,27
Fujifilm Manufacturing Europe B.V.,12
FUJIFILM Wako Pure Chemical Corporation,7
Fujitsu Limited,11
FUJITSU LIMITED,25
FuMA-Tech Gesellschaft fur funktionelle Membranen und Anlagentechnologie mbH,4
FUNDACION CENTRO DE INVESTIGACION COOPERATIVA DE ENERGIAS ALTERNATIV AS CIC ENERGIGUNE FUNDAZIOA,6
FUNDACION CENTRO DE INVESTIGACION COOPERATIVA DE ENERGIAS ALTERNATIVAS CIC ENERGIGUNE FUNDAZIOA,6
"FURUKAWA ELECTRIC CO., LTD.",4
FUTAMURA KAGAKU KABUSHIKI KAISHA,9
G. CONCEPT TECHNOLOGY LTD.,2
G6 Materials Corp.,3
GACHON UNIVERSITY OF INDUSTRY—ACADEMIC COOPERATION FOUNDATION,3
Gaftech Inc.,3
Garching Instrumente,1
Garmor Inc.,4
Gas Research Institute,37
"Gas Research Institute, Inc.",2
Gas Technology Institute,7
"GEL, Inc.",2
Gelion Technologies Pty Ltd,3
General Electric Company,48
GENERAL ELECTRIC COMPANY,4
General Motors Corporation,48
"Genesis Research Institute, Inc.",7
Georgia Institute of Technology,10
Georgia Tech Research Corporation,30
GEORGIA TECH RESEARCH CORPORATION,9
"Giner Electrochemical Systems, LLC",6
"Giner, Inc.",4
"GINER, INC.",5
GKSS-Forschungszentrum Geesthacht GmbH,2
GLOBAL FRONTIER CENTER FOR MULTISCALE ENERGY SYSTEMS,11
"Global Graphene Group, Inc.",56
GM Global Technology Operations LLC,124
"GM Global Technology Operations, Inc.",13
GM GLOBAL TECHNOLOGY OPERATIONS LLC,68
"Golden Energy Fuel Cell Co., Ltd.",1
Google Inc.,5
Google LLC,4
GOOGLE LLC,2
Gore Enterprise Holdings,5
"Gore Enterprise Holdings, Inc.",23
Gotion Inc.,3
"Gotion, Inc.",2
Gould Electronics Inc.,5
Gould Electronics Limited,1
Gould Inc.,2
GraftTech Inc.,2
Greatbatch Ltd.,11
GRU ENERGY LAB INC.,2
GS ENERGY CORPORATION,4
GS Yuasa Corporation,1
"GUALA TECHNOLOGY CO., LTD.",9
"Guala Technology Co., Ltd.",5
"GUANGZHOU INSTITUTE OF ENERGY CONVERSION, CHINESE ACADEMY OF SCIENCES",3
Gwangju Institute of Science and Technology,5
GWANGJU INSTITUTE OF SCIENCE AND TECHNOLOGY,8
H Power Corporation,21
H Power Corp.,3
H.C. Starck GmbH,3
H.E.F.,3
Haldor Topsoe A/S,9
"Halliburton Energy Services, INC.",1
HAMILTON SUNSTRAND CORPORATION,3
Hannelore Binsmaier Nee Gallin-Ast,3
"Hanyang Hak Won Co., Ltd.",3
"Hanyank Hak Won Co., Ltd.",3
Harris Corporation,10
HAZER GROUP LTD,4
Heliocentris Energiesysteme GmbH,7
Her Majesty the Queen as represented by the Minister of National Defence of Her Majesty's Canadian Government,3
"Her Majesty the Queen in right of Canada, as represented by the Minister of National Defence in Her Britannic Majesty's Government of the United Kingdom of Great Britain and Northern Ireland",3
"Her Majesty the Queen in right of Canada, as represented by the Minister of National Defence",5
"Hewlett-Packard Development Company, L.P.",17
Hexis AG,6
HiFunda LLC,2
"Hitachi Chemical Co., Ltd.",12
"Hitachi Maxell, Ltd.",26
"Hitachi Powdered Metals Co., Ltd.",5
Hitachi Zosen Corporation,16
HITACHI ZOSEN CORPORATION,4
"Hitachi, Ltd.",125
"HITACHI, LTD.",7
"Hitachi, Ltd",10
Hoechst Aktiengesellschaft,4
"Hoechst Research & Technology Deutschland GmbH & Co., KG",2
"Hoku Scientific, Inc.",9
"Hoku Scientific, Inc. - A Delaware Corp.",3
"HON HAI PRECISION INDUSTRY CO., LTD.",31
Honda Giken Kogyo Kabushiki Kaisha,203
Honda Giken Kabushiki Kaisha,5
"Honda Motor Co., Ltd",4
"Honda Motor Co., Ltd.",77
"HONDA MOTOR CO., LTD.",27
"Honeywell International, Inc.",3
Honeywell International Inc.,7
H-Power Corp.,1
H-Power Corporation,1
"HRL Laboratories, LLC",48
HTCERAMIX S.A.,4
Humboldt State University Foundation,4
"Hunan Sanfeng Vanadium Industry Co., Ltd.",2
Huntsman International LLC,25
"Hybrid Power Generation Systems, LLC",16
"Hybrid Power Generation System, LLC",4
"Hydrogen Burner Technology, Inc.",3
HYDROGENICS CORPORATION,2
Hydro-Quebec,273
HYDRO-QUEBEC,73
Hydro Quebec,17
Hydro - Quebec,5
Hydro-Quebec Corporation,4
HYDRO-QUÉBEC,25
"HyEnergy Systems, Inc.",3
"Hyundai Electric & Energy Systems Co., Ltd.",1
Hyundai Motor Company,273
HYUNDAI MOTOR COMPANY,77
"Idemitsu Kosan Co., Ltd.",14
"IDEMITSU KOSAN CO., LTD.",110
"IDEMITSU KOSAN CO., LTD",2
"Idemitsu Kosan Co., Ltd",4
IGR Enterprises,17
"IGR Enterprises, Inc.",9
Ilika Technologies Limited,13
"ILJIN MATERIALS CO., LTD.",4
Illinois Institute of Technology,8
IMEC vzw,6
IMEC VZW,8
Imperial Chemical Industries PLC,3
"Imprint Energy, Inc.",23
"IMPRINT ENERGY, INC.",23
Indian Institute of Technology Bombay,6
INDIAN INSTITUTE OF TECHNOLOGY MADRAS,3
Indiana University Research and Technology Corporation,8
INDIANA UNIVERSITY RESEARCH AND TECHNOLOGY CORPORATION,4
Industrial Technology Research Institute,73
Industrial Technology REsearch Institute,3
INDUSTRIAL TECHNOLOGY RESEARCH INSTITUTE,20
Industry Foundation of Chonnam National University,12
Industry-University Cooperation Foundation Hanyang University,54
Hanyang University Cooperation Foundation Hanyang University,8
INDUSTRY-UNIVERSITY COOPERATION FOUNDATION HANYANG UNIVERSITY,6
IUCF-HYU (INDUSTRY-UNIVERSITY COOPERATION FOUNDATION HANYANG UNIVERSITY),10
IUCF-HYU (Industry-University cooperation Foundation Hanyang University),6
IUCF-HYU (Industry-University Cooperation Foundation Hanyang University),38
Industry-University Cooperation Foundation Sogang University,6
Infineon Technologies AG,10
INFINEON TECHNOLOGIES AG,2
Infineon Technologies Dresden GmbH & Co. KG,4
"Infinite Power Solutions, Inc.",29
"Inifinite Power Solutions, Inc.",2
Institut Francais du Petrole,3
INSTITUT NATIONAL DES SCIENCES APPLIQUEES,7
Institut National Polytechnique de Grenoble,27
INSTITUT POLYTECHNIQUE DE GRENOBLE,11
INSTITUT POLYTECHNIQUE DE BORDEAUX,6
Institute of Chemical Technology,3
Institute of Gas Technology,7
"INSTITUTE OF NATIONAL COLLEGES OF TECHNOLOGY, JAPAN",3
"INSTITUTE OF NUCLEAR ENERGY RESEARCH , ATOMIC ENERGY COUNCIL, EXECUTIVE YUAN, R.O.C.",3
"INSTITUTE OF NUCLEAR ENERGY RESEARCH ATOMIC ENERGY COUNCIL, EXECUTIVE YUAN",25
"INSTITUTE OF NUCLEAR ENERGY RESEARCH, ATOMIC ENERGY COUNCIL, EXECUTIVE YUAN, R.O.C",4
"INSTITUTE OF NUCLEAR ENERGY RESEARCH, ATOMIC ENERGY COUNCIL, Executive Yuan, R.O.C.",6
Institute of Organic Chemistry National Academy of Sciences of Ukraine,12
"INSTITUTE OF PROCESS ENGINEERING, CHINESE ACADEMY OF SCIENCES",7
"INSTITUTE OF SYSTEMS, INFORMATION TECHNOLOGIES AND NANOTECHNOLOGIES",3
"Integrated Fuel Cell Technologies, Inc.",4
INTEL CORPORATION,14
Intel Corporation,4
"INTELLECTUAL DISCOVERY CO., LTD.",4
Intelligent Energy Limited,4
Intematix Corporation,2
Interatom GMBH,2
"Intermolecular, Inc.",3
International Business Machines Corporation,188
INTERNATIONAL BUSINESS MACHINES CORPORATION,34
International Fuel Cells LLC,13
"International Fuel Cells, LLC",34
International Fuel Cells Corp.,6
International Fuel Cells Corporation,20
"International Fuel Cells, Corporation",2
"International Fuel Cells, Inc.",3
International Fuel Cells,2
"International Fuel Cells, L.L.C.",3
"Interstellar Solid-State Li-ion Batteries Technology (Chengdu) Co., Ltd.",6
"Inventus Power, Inc.",2
Ion America Corporation,4
ION America Corporation,2
"Ionic Materials, Inc.",11
"IONIC MATERIALS, INC.",50
Iowa State University Research Foundation Inc,3
"Iowa State University Research Foundation, Inc.",1
IRD Fuel Cell A/S,2
"Ishikawajima-Harima Heavy Industries Co., Ltd.",2
I-TEN,16
l-TEN,3
ITM POWER (RESEARCH) LIMITED,3
ITM Power (Research) Limited,4
ITM Power (Research) Ltd.,4
ITM POWER (RESEARCH) LTD.,1
ITM Power Ltd.,1
"ITN Energy Systems, Inc.",8
ITN Energy Systems. Inc.,2
"ITN ENERGY SYSTEMS, INC.",1
Itochu Corporation,2
JAPAN ADVANCED INSTITUTE OF SCIENCE AND TECHNOLOGY,4
JAPAN AEROSPACE EXPLORATION AGENCY,7
Japan Atomic Energy Agency,33
JAPAN ATOMIC ENERGY AGENCY,3
Japan Atomic Energy Research Institute,17
"Japan Exlan Company, Ltd.",3
Japan Fine Ceramics Center,3
"Japan Gore-Tex, Inc.",8
Japan Gore-Tex Inc.,1
Japan Science and Technology Agency,3
JAPAN SCIENCE AND TECHNOLOGY AGENCY,11
"Japan Storage Battery Co., Ltd.",14
"Japan Vilene Company, Ltd.",14
JENAX INC.,3
"Jenax, Inc.",3
JFE Steel Corporation,6
"J-INNOTECH CO., LTD",8
Johns Hopkins University,7
Johns Manville,12
"Johnson & Johnson Vision Care, Inc.",12
"JOHNSON BATTERY TECHNOLOGIES, INC.",2
"Johnson Battery Technologies, Inc.",2
Johnson Controls Technology Company,1
"Johnson IP Holding, LLC",40
"Johnson IP Holding, Inc.",3
"JOHNSON IP HOLDING, LLC",3
Johnson Matthey Fuel Cells Limited,17
Johnson Matthey Public Limited Company,65
Johnson Matthey PLC,3
JOHNSON MATTHEY PUBLIC LIMITED COMPANY,9
"Johnson Research & Development Co., Inc.",4
JSR Corporation,80
JSR CORPORATION,5
JX Nippon Mining & Metals Corporation,1
Kabushiki Kaisha Equos Research,11
Kabushikikaisha Equos Research,17
Kabushikikaisha Eqous Research,3
Kabusikikaisha Equos Research,4
KabushikiKaisha Equos Research,3
KABUSHIKIKAISHA EQUOS RESEARCH,1
Kabushiki Kaisha Meidensha,3
KABUSHIKI KAISHA NIHON MICRONICS,9
Kabushiki Kaisha Nihon Micronics,5
Kabushiki Kaisha Ohara,11
KABUSHIKI KAISHA SENRYOU,1
Kabushiki Kaisha Toshiba,138
KABUSHIKI KAISHA TOSHIBA,73
Kabushiki Kaisha Toyota Chuo Kenkyusho,43
KABUSHIKI KAISHA TOYOTA CHUO KENKYUSHO,12
KABUSHIKI KAISHA TOYOTA JIDOSHOKKI,3
Kaneka Corporation,5
KANEKA CORPORATION,3
"KANSAI PAINT CO., LTD.",6
"Kanto Denka Kogyo Co., Ltd.",5
Karlsruhe Institute of Technology,5
KARLSRUHE INSTITUTE OF TECHNOLOGY,5
KATHOLIEKE UNIVERSITEIT LEUVEN,3
Katholieke Universiteit Leuven,4
"Katholieke Universiteit Leuven, KU Leuven R&D",3
Kawabi & Associates,3
"Kawada Industries, Inc.",5
KAWASAKAI JUKOGYO KABUSHIKI KAISHA,8
"KCERACELL CO., LTD.",22
"KCF TECHNOLOGIES CO., LTD.",2
"KERACEL, INC.",3
Kernforschungszentrum Julich GmbH,3
Kerr-McGee Corporation,1
Kia Motors Corporation,164
KIA MOTORS CORPORATION,50
KING FAHD UNIVERSITY OF PETROLEUM AND MINERALS,4
King Fahd University of Petroleum and Minerals,4
"KOBELCO RESEARCH INSTITUTE, INC.",3
"Kokam Engineering Co., Ltd.",1
"KOLON INDUSTRIES, INC.",41
"Konica Minolta Holdings, Inc.",4
Koninklijke Philips Electronics N.V.,13
Korea Advanced Institute of Science and Technology,4
KOREA ADVANCED INSTITUTE OF SCIENCE AND TECHNOLOGY,6
Korea Chungang Educational Foundation,4
KOREA ELECTRONICS TECHNOLOGY INSTITUTE,4
Korea Electronics Technology Institute,4
Korea Institute of Energy Research,13
KOEA INSTITUTE OF ENERGY RESEARCH,3
KOREA INSTITUTE OF ENERGY RESEARCH,20
Korea Institute of Industrial Technology,43
KOREA INSTITUTE OF INDUSTRIAL TECHNOLOGY,6
Korea Institute of Ocean Science & Technology,5
Korea Institute of Science and Technology,74
Korea Institute of Science and Technologies,7
Korea Institute of Science & Technology,9
KOREA INSTITUTE OF SCIENCE AND TECHNOLOGY,87
Korean Institute of Science and Technology,8
"Korea Kumho Petrochemical Co., Ltd.",9
Korea Research Institute of Chemical Technology,23
Korea Research Institute,7
KOREA RESEARCH INSTITUTE OF CHEMICAL TECHNOLOGY,7
KOREA UNIVERSITY RESEARCH AND BUSINESS FOUNDATION,6
"KT Holdings, LLC",1
Kuan-Jiuh Lin,2
"Kuraray Co., Ltd.",22
"KURARAY CO., LTD.",2
Kureha Corporation,12
KUREHA CORPORATION,11
Kureha Kagaku Kogyo Kabushiki Kaisha,4
Kureha Kaguka Kogyo Kabushiki Kaisha,4
KYOCERA CORPORATION,5
Kyocera Corporation,9
KYOCERA Corporation,11
"KYOHO MACHINE WORKS, LTD.",4
Kyoto University,21
Kyushu University,21
KYOTO UNIVERSITY,26
KYUSHU UNIVERSITY,3
"Kyushu University, National University Corporation",30
LABORATÓRIO NACIONAL DE ENERGIA E GEOLOGIA,2
LNEG-LABORATORIO NACIONAL DE ENEGIA E GEOLOGIA,8
L'Air Liquide - Societe Anonyme a Directoire et Conseil de Surveillance pour l'Etude et l'Exploitation des Procedes Georges Claude,2
LANXESS DEUTSCHLAND GMBH,3
"Lawrence Livermore National Security, LLC",2
"Lawrence Livermore National Security, LLC.",1
Le Carbone Lorraine,3
Leeds Lithium Power Limited,4
LEIBNIZ-INSTITUT FUER FESTKOERPER-UND WERKSTOFFFORSCHUNG DRESDEN E.V.,1
Leibniz-Institut fuer Polymerforschung Dresden E.V.,4
Lenovo (Singapore) Pte. Ltd.,3
L'Etat Francais represente par le Delegue General pour l'Armement,4
"LG Chem, Ltd.",689
"LG CHEM, LTD.",308
LG Chem. Ltd.,17
LG CHEM. LTD.,4
"LG Chemical Co., Ltd.",40
LG FUEL CELL SYSTEMS INC.,3
LG Fuel Cell Systems Inc.,5
"LG Fuel Cell Systems, Inc.",6
LGZ Landis & Gyr Zug A.G.,2
"Lilliputian Systems, Inc.",6
LINTEC CORPORATION,5
"Liox Power, Inc.",6
Lithdyne International,2
"Lithium Power Technologies, Inc.",9
Lithium Technology Corporation,10
"Litton Systems, Inc.",7
"Lockheed Martin Advanced Energy Storage, LLC",48
Lockheed Martin Corporation,1
Lockheed Martin Energy Research Corporation,3
"Lockheed Martin Energy, LLC",48
Lockheed Idaho Technologies Company,3
"Los Alamos National Security, LLC",12
Loughborough University of Technology,3
Low Emission Resources Corporation,4
"Lubrizol Advanced Materials, Inc.",6
"LUNATECH, LLC",3
UNIVESITE D'AIX-MARSEILLE,9
Universite De Cergy Pontoise,4
UNIVERSITE DE CERGY PONTOISE,4
UNIVERSITÉ DE VERSAILLES SAINT QUENTIN EN YVELINES,4
"Lynntech Power Systems, Ltd.",2
"Lynntech, Inc.",68
"LytEn, Inc.",38
MAGNA STEYR Fahrzeugtechnik AG & Co KG,2
Magnet-Motor Gesellschaft fUr magnetmotorische Technik mbH,4
Mamoru Baba,3
"Manhattan Scientifics, Inc.",3
Mannesmann AG,9
Marelli Corporation,2
"Martin Marietta Energy Systems, Inc.",2
Marvick FuelCells Ltd.,2
Masahiro Tatsumisago,4
Masahiro Watanabe,3
Massachusetts Institute of Technology,170
MASSACHUSETTES INSTITUTE OF TECHNOLOGY,5
MASSACHUSETTS INSTITUTE OF TECHNOLOGY,64
Materials and Separation Technology International Limited,2
"Matsushita Electric Industrial Co., Ltd.",465
Matsushita Electric Industrial Co. Ltd.,14
"Matshushita Electric Industrial Co., Ltd.",5
"Matushita Electric Industrial Co., Ltd.",7
"Matsushita Electric industrial Co., Ltd.",3
"Matsushita Electric Works, Ltd.",9
Max-Planck-Gesellschaft zur Foerderung der Wissenschaften e.V.,8
Mazda Motor Corporation,4
MB-80 Energy Corporation,1
McMaster University,3
"Medtronic, Inc.",32
MEDTRUM TECHNOLOGIES INC.,1
Merck Patent Gesellschaft Mit BeschrAnkter Haftung,5
Merck Patent GmbH,11
MHB Joint Venture,7
Michael Wang,2
Michelin Recherche et Technique S.A.,5
MICHELIN RECHERCHE ET TECHNIQUE S.A.,1
Michigan State University,6
"MICO CO., LTD.",4
Microbatterie GmbH,5
Microcell Corporation,2
"MicroCoating Technologies, Inc.",1
"Micron Semiconductor, Inc.",2
Micronas GmbH,9
"MICROVAST POWER SYSTEMS CO., LTD.",15
"Microvast Power Systems Co., Ltd.",2
Midwest Research Institute,3
Mie Industry and Enterprise Support Center,8
MIE UNIVERSITY,12
"Millibatt, Inc.",12
Minnesota Mining and Manufacturing Company,30
Minnesota Mining and Manufacturing,4
Minolta Camera Kabushiki Kaisha,2
"Mistubishi Petrochemical Co., Ltd.",2
"Mitsubishi Cable Industries, Ltd.",13
Mitsubishi Chemical Corporation,15
Mitsubishi Denki Kabushiki Kaisha,54
"MITSUBISHI GAS CHEMICAL COMPANY, INC.",28
"Mitsubishi Heavy Industries, Ltd.",18
"MITSUBISHI HITACHI POWER SYSTEMS, LTD.",8
Mitsubishi Jukogyo Kabushiki Kaisha,6
Mitsubishi Kasei Corporation,2
Mitsubishi Materials Corporation,23
Mitsubishi Paper Mills Limited,7
"Mitsubishi Petrochemical Co., Ltd.",18
"Mitsubishi Plastics, Inc.",4
"Mitsubishi Rayon Co., Ltd.",4
"Mitsui & Co., Ltd.",4
"Mitsui Chemicals, Inc.",13
"MITSUI CHEMICALS, INC.",4
"Mitsui Mining & Smelting Co., Ltd.",34
"MITSUI MINING & SMELTING CO., LTD.",4
"Mitsui Petrochemical Industries, Ltd",6
Mobil Oil Corporation,3
"Molecular Rebar Design, LLC",12
Moltech Corporation,40
Momentive Performance Materials Inc.,4
MOMENTIVE PERFORMANCE MATERIALS INC.,5
Monash University,5
"MORIMURA SOFC TECHNOLOGY CO., LTD.",17
"Mosaic Energy, LLC",1
MO-SCI Corporation,2
"Motorola Mobility, Inc.",5
"Motorola, Inc.",89
"Motorola, Inc.,",5
MTI MicroFuel Cells Inc.,2
"Murata Manufacturing Co., Ltd.",74
"Murata Manufacturing Co., Ltd",4
"MURATA MANUFACTURING CO., LTD.",87
"Murata Manufacturing Co., LTD.",2
Murata Manufacturing Inc.,5
N. E. Chemcat Corporation,2
N.E. Chemcat Corporation,3
N.E. CHEMCAT CORPORATION,5
"Na4B, LLC",3
NAGASE CHEMTEX CORPORATION,2
Nagase ChemteX Corporation,2
"NAKASHIMA SANGYO CO., LTD.",6
Namics Corporation,16
NAMICS CORPORATION,14
NANJING UNIVERSITY OF TECHNOLOGY,6
Nano and Advanced Materials Institute Limited,3
"NanoDynamics Energy, Inc.",4
NanoEnergy Corporation,8
NanoGram Corporation,8
"Nanophil Co., Ltd.",4
NanoProducts Corp.,16
NanoProducts Corporation,91
Nanostar Inc.,12
NANOSTAR INC.,1
"Nanostar, Inc.",6
"Nanotek Instruments, Inc.",25
NANYANG TECHNOLOGICAL UNIVERSITY,3
National Central University,10
NATIONAL CHENG KUNG UNIVERSITY,20
National Institute for Materials Science,5
NATIONAL INSTITUTE FOR MATERIALS SCIENCE,11
National Institute For Materials Science,4
National Institute of Advanced Industrial Science and Technology,24
NATIONAL INSTITUTE OF ADVANCED INDUSTRIAL SCIENCE AND TECHNOLOGY,34
National Research Council of Canada,17
National Science Council,8
National Sun Yat-Sen University,2
NATIONAL SUN YAT-SEN UUNIVERSITY,2
National Taipei University of Technology,3
National Taiwan University,6
National Taiwan University of Science and Technology,3
"National Technology & Engineering Solutions of Sandia, LLC",12
NATIONAL UNIVERSITY CORPORATION GUNMA UNIVERSITY,6
National University Corporation Hokkaido University,10
NATIONAL UNIVERSITY CORPORATION MIE UNIVERSITY,23
NATIONAL UNIVERSITY CORPORATION NAGOYA UNIVERSITY,9
National University Corporation Shizuoka University,13
NATIONAL UNIVERSITY CORPORATION TOKYO UNIVERSITY OF AGRICULTURE AND TECHNOLOGY,3
National University Corporation Yamaguchi University,2
National University Corporation Yokohama National University,8
NATIONAL UNIVERSITY OF DEFENSE TECHNOLOGY,6
National University of Singapore,3
Natrion LLC,1
NEC Corporation,56
"NEC ENERGY DEVICES, LTD.",16
"NEC Energy Devices, Ltd.",8
"NEC Energy Devices, LTD.",4
NEC Moli Energy Corporation,6
"NEC Tokin Tochigi, Ltd.",7
"Ness Co., Ltd.",3
"Ness Energy Co., Ltd.",6
Newsouth Innovations PTY Limited,2
"Nexant, Inc.",1
"NexTech Materials, Ltd.",21
"NEXTECH MATERIALS, LTD.",5
"NGK Insulators, Ltd.",184
"NGK INSULATORS, LTD.",43
"NGK Spark Plug Co., Ltd.",7
"NGK SPARK PLUG CO., LTD.",22
NINGDE AMPEREX TECHNOLOGY LIMITED,12
"Nippon Chemical Denshi Co., Ltd.",2
"NIPPON ELECTRIC GLASS CO., LTD.",6
Nippon Kayaku Kabushiki Kaisha,2
Nippon Kodoshi Corporation,6
"Nippon Nyukazai Co., Ltd.",3
"Nippon Oil Co., Ltd.",3
"Nippon Shokubai Co., Ltd.",27
"NIPPON SHOKUBAI CO., LTD.",15
"Nippon Soda Co., Ltd.",15
NIPPON STEEL & SUMITOMO METAL CORPORATION,11
"Nippon Steel Chemical Co., Ltd.",2
"NIPPON STEEL CHEMICAL & MATERIAL CO., LTD.",2
Nippon Steel Corporation,4
NIPPON STEEL CORPORATION,1
Nippon Telegraph and Telephone Corporation,9
Nippon Telegraph and Telephone Public Corporation,3
Nippon Unicar Company Limited,7
"Nippondenso Co., Ltd.",5
"NISSAN CHEMICAL INDUSTRIES, LTD.",3
"Nissan Motor Co., Ltd.",156
"NISSAN MOTOR CO., LTD.",36
"Nissan Motor Co., LTD.",3
"Nissan North America, Inc.",12
"NISSAN NORTH AMERICA, INC.",3
"Nisshin Steel Co., Ltd.",3
NISSHINBO HOLDINGS INC.,6
Nisshinbo Industries Inc.,1
"Nisshinbo Industries, Inc",3
"Nisshinbo Industries, Inc.",71
"Nissihinbo Industries, Inc.",1
"NISSIN ELECTRIC CO., LTD.",4
Nitto Denko Corporation,68
NITTO DENKO CORPORATION,26
"NK Technologies, LLC",1
NKK Corporation,17
Noboru Oyama,8
"NOHMS Technologies, Inc.",4
Nokia Corporation,5
NOK Corporation,8
NOF Corporation,11
Nokia Technologies Oy,14
North Carolina State University,15
Northwestern University,5
"NTK Powerdex, Inc.",2
NuCellSys GmbH,1
Nuvera Fuel Cells Europe S.R.L.,2
Nuvera Fuel Cells Europe S.r.l. de Nora Electrodi S.p.A.,4
"Nuvera Fuel Cells, LLC",8
NXP B.V.,7
"Oak Ridge Micro-Energy, Inc.",5
Oerlikon Advanced Technologies AG,3
Ohara Inc.,7
OHARA INC.,22
"Ohara, Inc.",2
Ohio State Innovation Foundation,8
Ohio University,5
Olivetti Personal Computer S.p.A.,6
Olivetti Personal Computers S.p.A.,6
OLYMPUS CORPORATION,2
"OMEGA ENERGY SYSTEMS, LLC",3
ONED MATERIAL LLC,2
Oorja Protonics,1
Open Text SA ULC,4
Oronzio de Nora Impianti Elettrochimici S.p.A.,4
Osaka City University,10
Osaka Gas Company Limited,29
"Osaka Gas Co., Ltd.",6
"Osaka Gas, Co., Ltd.",1
OSAKA PREFECTURE UNIVERSITY PUBLIC CORPORATION,2
OSAKA RESEARCH INSTITUTE OF INDUSTRIAL SCIENCE AND TECHNOLOGY,9
"Osmonics, Inc.",4
Oticon A/S,4
Otsuka Kagaku Kabushiki Kaisha,17
"Ovonic Battery Company, Inc.",11
Oxis Energy Limited,4
Palo Alto Research Center Incorporated,5
Panasonic Corporation,118
PANASONIC CORPORATION,15
"Panasonic Intellectual Property Management Co., Ltd.",40
"PANASONIC INTELLECTUAL PROPERTY MANAGEMENT CO., LTD.",190
"PANASONIC INTELLECTUAL PROPRETY MANAGEMENT CO., LTD.",2
"Panasonic Intelletual Property Management Co., Ltd.",6
"Parallel Solutions, Inc.",2
Patterning Technologies Limited,3
Paul Scherrer Institut,3
"PBI Performance Products, Inc.",6
Pechiney Recherche,4
Pemeas GmbH,4
Penn State Research Foundation,12
Permelec Electrode Ltd.,3
Peugeot Citroen Automobiles SA,6
PEUGEOT CITROEN AUTOMOBILES S.A.,6
Phillips 66 Company,12
Philips 66 Company,3
PHILLIPS 66 COMPANY,3
Phoenix Analysis and Design Technologies,1
"Phoenix Innovation, Inc.",2
Physical Sciences Inc.,3
"Physical Sciences, Inc.",6
"PIOTREK CO., LTD.",6
Plansee Composite Materials GmbH,9
Plansee SE,3
Plug Power Inc.,26
"Plug Power, L.L.C.",10
"Plug Power, Inc.",8
Plug Power L.L.C.,3
Plurion Limited,5
"Policell Technologies, Inc.",2
"POLYBATT MATERIALS CO., LTD.",9
Polyceed Inc.,15
"Polyceed, Inc.",40
"Polyfuel, Inc.",28
"Polymatech Co., Ltd.",4
PolyPlus Battery Company,388
"PolyPlus Battery Co., Inc.",4
"PolyPlus Battery Company, Inc.",21
"Polyplus Battery Company, Inc.",1
POLYPLUS BATTERY COMPANY,215
Polytechnic University,3
"Posco Energy Co., Ltd.",5
"POSITEC POWER TOOLS (SUZHOU) CO., LTD",5
Postech Academy-Industry Foundation,4
POSTECH ACADEMY-INDUSTRY FOUNDATION,2
"Power Conversion, Inc.",4
"Power to Hydrogen, LLC",4
"PPG Industries Ohio, Inc.",25
"PPG Industries, Inc.",3
"Praxair Technology, Inc.",8
President and Fellows of Harvard College,5
PRESIDENT AND FELLOWS OF HARVARD COLLEGE,2
"Prieto Battery, Inc.",4
Printed Energy Pty Ltd,25
Prologium Holding Inc.,1
"PROLOGIUM TECHNOLOGY CO., LTD.",1
"Promerus, LLC",3
"Proton Energy Systems, Inc.",35
Proton Motor Fuel Cell GmbH,2
Pu Chen,5
Purdue Research Foundation,16
Qinetiq Limited,7
"QINGTAO (KUNSHAN) ENERGY DEVELOPMENT CO., LTD.",7
Quallion LLC,23
"QuantumScape Battery, Inc.",187
"QUANTUMSCAPE BATTERY, INC.",8
Quantumscape Corp.,1
QuantumScape Corporation,711
QUANTUMSCAPE CORPORATION,14
QuestAir Technologies Inc.,3
R. Ernest Demaray,4
R.R. Donnelley & Sons Company,108
Ramot at Tel-Aviv University Ltd.,12
RAMOT AT TEL-AVIV UNIVERSITY LTD.,1
Ramot University Authority for Applied Research & Industrial Development Ltd.,5
"Recapping, Inc.",12
Regents of the University of California,11
"Regents, University of California",9
Regents of the University of Minnesota,2
"REKRIX CO., LTD.",8
"Relion, Inc.",6
Renault SA,6
Rensselaer Polytechnic Institute,5
Rhodia Chimie,12
RHODIA OPERATIONS,1
Richards Engineering,1
"Ricoh Company, Ltd.",52
"RICOH COMPANY, LTD.",6
"Ricoh Company, Ltd",4
Riken,7
"Riken Keiki Co., Ltd.",3
Rima Haring,5
"RISING CHEMICAL CO., LTD.",6
Robert Bosch GmbH,184
ROBERT BOSCH GMBH,36
"Rocket Electric Co., Ltd",4
Rockwell International Corporation,7
Rohm and Haas Company,1
Rolls-Royce and Associates Limited,1
Rolls-Royce plc,12
ROUTEJADE INC.,5
"Rutgers, The State University of New Jersey",17
S.E.R.E. S.r.l.,1
S2 BATTERIES,1
S2 Batteries,1
SABIC GLOBAL TECHNOLOGIES B.V.,3
Saehan Enertech Incorporation,6
SAFT,6
"SAGE Electrochromics, Inc.",2
Saint Louis University,12
SAINT-GOBAIN CENTRE DE RECHERCHIES ET D'ETUDES EUROPEEN,2
SAINT-GOBAIN CENTRE DE RECHERCHES ET D'ETUDES EUROPEEN,7
"Saint-Gobain Ceramics & Plastics, Inc.",2
"SAINT-GOBAIN CERAMICS & PLASTICS, INC.",8
Saint-Gobain Vitrage International,4
Saint-Gobain Vitrage,1
"SAKTI3, INC.",3
"Sakti3, Inc.",220
"SAKTI3, Inc.",4
Sakuu Corporation,2
"Samsung Display Devices Co., Ltd.",13
"Samsung Electronics Co., Ltd.",79
"Samsung Electro-Mechanics Co., Ltd.",4
"SAMSUNG ELECTRONICS CO., LTD.",613
"SAMSUNG ELECTRONICS CO., LTD",31
"Samsung Electroonics Co., Ltd.",3
"SAMSUNG ELECTRONICS CO, LTD.",5
"SAMSUNG ELECTRONICS CO., LTC.",5
"Samsung Fine Chemicals Co., Ltd",1
"Samsung SDI Co., Ltd.",634
"Samsung SDI Co., Ltd",12
"SAMSUNG SDI CO., LTD.",86
"Samsung SDI, Co., Ltd.",6
Samsung SDI Co. Ltd.,4
"SAMSUNG SDI CO, LTD.",5
Sandia Corporation,16
SANTOKU CORPORATION,5
"Sanyo Chemical Industries, Ltd.",9
"Sanyo Electric Co., Ltd.",186
"SANYO Electric Co., Ltd.",9
"Sanyo Electric Co., Lted.",3
Sanyo Electric Co.,4
"SANYO Optec Design Co., Ltd.",1
SAPURAST RESEARCH LLC,4
Sapurast Research LLC,24
"Saracom Co., Ltd.",1
Saralon GmbH,2
Saudi Arabian Oil Company,11
SAUDI ARABIAN OIL COMPANY,4
"Savannah River Nuclear Solutions, LLC",1
"SAVANNAH RIVER NUCLEAR SOLUTIONS, LLC",8
SB SOLAR,2
SCANIA CV AB,1
SCHOTT AG,25
Schwarzkopf Technologies Corporation,3
"SCREEN Holdings Co., Ltd.",4
Seed Capital Investments (SCI) B.V.,2
"Seeo, Inc.",207
"SEEO, INC",8
"SEEO, INC.",9
SEEO. INC,7
Seiko Electric Components Ltd.,6
"Seiko Electronic Components, Ltd.",13
Seiko Epson Corporation,13
SEIKO EPSON CORPORATION,72
SEIKO INSTRUMENTS INC.,16
"SEKISUI CHEMICAL CO., LTD.",13
"Sekisui Chemical Co., Ltd.",6
"Semiconductor Energy Laboratory Co., Ltd.",64
"SEMICONDUCTOR ENERGY LABORATORY CO., LTD.",5
Seoul National University Industry Foundation,2
Seoul National University R&DB Foundation,14
SEOUL NATIONAL UNIVERSITY R&DB FOUNDATION,46
SES Holdings Pte. Ltd.,7
"SEVEN KING ENERGY CO., LTD.",8
SF MOTORS INC.,4
"SFC, Smart Fuel Cell AG",5
SGL Carbon AG,7
SGL Carbon SE,3
"Shandong Huaxia Shenzhou New Material Co., Ltd",5
"Shandong Huaxia Shenzhou New Material Co., Ltd.",10
"Shandong Huazia Shenzhou New Material Co., Ltd.",5
"SHANGHAI ENERGY NEW MATERIALS TECHNOLOGY CO., LTD.",5
"Shanghai Energy New Materials Technology Co., Ltd.",6
Sharp Corporation,33
Sharp Kabushiki Kaisha,49
"Sharp Laboratories of America, Inc.",28
Shell Oil Company,7
Shikoku Chemicals Corporation,2
"Shin-Etsu Chemical Co., Ltd.",34
"SHIN-ETSU CHEMICAL CO., LTD.",13
Shinko Electric Industries Co. Ltd.,4
"SHINKO ELECTRIC INDUSTRIES CO., LTD.",1
SHINSHU UNIVERSITY,2
"Shirouma Science Co., Ltd.",4
Showa Denko K.K.,48
Showa Denko Kabushiki Kaisha,11
Showa Denki Kabushiki Kaisha,2
SHOWA DENKO K.K.,5
Siemens Aktiengesellschaft,120
SIEMENS AKTIENGESELLSCHAFT,23
Siemens AG,11
Siemens Westinghouse Power Corporation,40
Sila Nanotechnologies Inc.,2
SILA NANOTECHNOLOGIES INC.,14
"Silatronix, Inc.",7
Simon Fraser University,5
"SINTOKOGIO, LTD.",5
Sion Power Corporation,178
Sisom Thin Films LLC,1
"Sisom Thin Films, LLC",2
"SK Innovation Co., Ltd.",21
"SK INNOVATION CO., LTD.",16
"SKC Co., Ltd.",15
SKC Limited,3
SNU R&DB FOUNDATION,4
SNU R&DB Foundation,4
Societe Anonyme dite Compagnie Generale d'Electricite,3
Societe Bic,9
Societe BIC,8
Societe des Ceramiques Techniques,9
Societe Nationale Elf Aquitaine,25
Sofco,6
SOGANG UNIVERSITY RESEARCH FOUNDATION,7
"SOGANG UNIVERSITY RESEARCH FOUNDATION, SOGANG UNIVERSITY",4
Soitec,1
SOLARIS HOLDINGS LIMITED,6
"Solicore, Inc.",13
"SOLICORE, INC.",4
"SolidEnergy Systems, LLC",2
SOLIDpower SA,1
Solvay SA,29
SOLVAY (Societe Anonyme),3
SOLVAY (Societe anonyme),1
SOLVAY SA,19
Solvay Solexis S.p.A.,24
"Solvay Solexis, S.p.A.",6
SOLVAY SPECIALTY POLYMERS ITALY S.P.A.,24
Solvay Specialty Polymers Italy S.p.A.,4
SOLVAY SPECIALTY POLYMERS ITALY S.P.A,4
Sony Chemical & Information Device Corporation,1
Sony Corporation,465
SONY CORPORATION,29
"SOTERIA Battery Innovation Group, Inc.",2
South African Inventions Development Corp.,2
South African Inventions Development Corporation,2
SOUTH DAKOTA BOARD OF REGENTS,3
Southern California Edison Company,1
Southwest Research Institue,1
Southwest Research Institute,1
"Space Charge, LLC",12
"SPACE CHARGE, LLC",4
Springpower International Inc.,4
SRI International,34
St Microelectronics SA,5
Stichting Energieonderzoek Centrum Nederland,10
Stichting Scheikundig Onderzoek Nederland,3
Stichting voor de Technische Wetenschappen,3
STMicroelectronics (Tours) SAS,9
STMICROELECTRONICS (TOURS) SAS,8
STMicroelectronics S.R.L.,4
STMicroelectronics S.r.l.,3
Stonehart Associates Inc.,14
"Stonehart Associates, Inc.",11
StoreDot Ltd.,16
STOREDOT LTD.,39
STUDIENGESELLSCHAFT KOHLE MBH,18
Sulzer Brothers Limited,4
Sulzer Hexis AG,26
Sulzer Innotec AG,5
"Sumita Optical Glass, Inc.",2
"Sumitomo Chemical Company, Limited",44
"SUMITOMO CHEMICAL COMPANY, LIMITED",8
Sumitomo Chemical Company Limited,2
"Sumitomo Chemical Company, Ltd.",3
"Sumitomo Electric Industries, Ltd.",57
"SUMITOMO ELECTRIC INDUSTRIES, LTD.",51
"SUMITOMO ELECTIC INDUSTRIES, LTD.",7
"Sumitomo Metal Industries, Ltd.",16
"Sumitomo Metal Mining Co., Ltd.",4
"SUMITOMO METAL MINING CO., LTD.",2
"SUMITOMO PRECISION PRODUCTS CO., LTD.",2
"SUMITOMO SEIKA CHEMICALS CO., LTD.",9
"Sumitomo Special Metals Co., Ltd.",2
"Sumitomo Special Metals Company, Limited",2
SUNFIRE GMBH,4
Sunstar Engineering Inc.,6
Sunstar Giken Kabushiki Kaisha,6
"Sunyen Co., Ltd.",1
Superior Graphite Co.,5
SUZUKI MOTOR CORPORATION,8
"Symyx Technologies, Inc.",6
Syracuse University,2
"T/J Technologies, Inc.",4
Tadiran Batteries Ltd.,3
"Taiwan Semiconductor Manufacturing Company, Ltd.",6
TAIWAN TEXTILE RESEARCH INSTITUTE,4
TAIYO YUDEN CO. LTD.,1
"TAIYO YUDEN CO., LTD.",28
Tanaka Kikinzoku Kogyo K.K.,29
Tanaka Kikinzoku Kogyo K. K.,4
Tatsumi Ishihara,4
TDA Research,2
TDK Corporation,24
TDK CORPORATION,40
"TDL CO., LTD.",6
Technische Universitat Dresden,5
Technology Finance Corporation (Proprietary) Limited,21
"Technology Management, Inc.",10
"Technology Resources International, Inc.",6
TEIJIN LIMITED,9
Teijin Limited,12
"Tekion, Inc.",5
Teknologian tutkimuskeskus VTT Oy,4
Tel Aviv University Future Technology Development L.P.,8
"Teledyne Energy Systems, Inc.",1
"Teledyne Industries, Inc.",3
Teledyne Technologies Incorporated,3
Telefonaktiebolaget L M Ericsson (publ),7
Telefonaktiebolaget LM Ericsson (publ),7
TEMASEK POLYTECHNIC,8
Temple University-of the Commonwealth System of Higher Education,3
TEMPLE UNIVERSITY—OF THE COMMONWEALTH SYSTEM OF HIGHER EDUCATION,5
TeraWatt Technology Inc.,14
Texas Instruments Incorporated,1
The Board of Regents of the University of Oklahoma,2
The Board of Regents of the University of Texas System,2
The Board of Regents of The University of Texas System,9
"THE BOARD OF REGENTS, THE UNIVERSITY OF TEXAS SYSTEM",24
"The Board of Regents, The University of Texas System",24
The Board of Regents University and Community College System of Nevada on Behalf of the University of Nevada,1
The Board of Trustees of the Leland Stanford Junior University,25
The Board of Trustees of The Leland Stanford Junior University,4
The Board of Trustees of the Lealand Stanford Junior University,10
THE BOARD OF TRUSTEES OF THE LELAND STANFORD JUNIOR UNIVERSITY,9
The Board of Trustees of the University of Illinois,6
The Boeing Company,3
THE BOEING COMPANY,1
"THE CHEMOURS COMPANY FC, LLC",4
The Curators of the University of Missouri,4
The Dow Chemical Company,59
The Dow ChemicalCompany,2
THE GAKUSHUIN SCHOOL CORPORATION,6
The Gakushuin School Corporation,5
"The Government of the United States of America, as represented by the Secretary of the Navy",12
The Governors of the University of Alberta,6
The Hong Kong University of Science and Technology,4
"The InterTech Group, Inc.",1
"The Japan Storage Battery Co., Ltd.",2
The Johns Hopkins University,20
"The Kansai Electric Power Co., Ltd.",6
"The New Brunswick Telephone Company, Limited",3
The Ohio State University,4
The Penn State Research Foundation,17
The Potanin Institute Limited,2
The Regents of the University of California,139
The Regents of The University of California,36
"The Regents, University of California",4
The Regents of the University of Calif.,2
The Regents of the University of California Office of Technology Transfer,1
"The Regents of the University of California, Office of Technology Transfer",1
THE REGENTS OF THE UNIVERSITY OF CALIFORNIA,69
The Regents of the University of Colorado,6
"The Regents of the University of Colorado, a body corporate",15
The Regents of the University of Michigan,11
THE REGENTS OF THE UNIVERSITY OF MICHIGAN,9
The Research Foundation of State University of New York,11
The Research Foundation of State University of the New York,3
The Research Foundation of State of New York,3
The Texas A&M University System,2
The Trustees of Boston University,4
The Trustees of the University of Pennsylvania,26
The Trustees Of The University Of Pennsylvania,10
The United Stated of America as represented by the Secretary of the Air Force,7
The United States of America as Represented by the Administrator of National Aeronautics and Space Administration,2
The United States of America as represented by the Administrator of the National Aeronautics and Space Administration,19
The United States of America as represented by the Department of Energy,8
The United States of America as represented by the Secretary of the Air Force,20
United States of America as represented by the Secretary of the Air Force,7
The United States of America as represented by the Secretary of the Army,13
THE UNITED STATES OF AMERICA AS REPRESENTED BY THE SECRETARY OF THE ARMY,6
The United States of America as represented by the Secretary of the Navy,2
The United States of America as represented by the United States Department of Energy,22
"GOVERNEMENT OF THE UNITED STATES OF AMERICA, AS REPRESENTED BY THE SECRETARY OF COMMERCE",1
The University of Akron,12
University of Chicago,6
The University of Chicago,2
The University of Connecticut,6
The University of Dayton,7
The University of Iowa Research Foundation,30
The University of Manchester,2
"University of Maryland, College Park",2
University of Maryland,7
"The University of Maryland, College Park",4
UNIVERSITY OF MARYLAND,5
"UNIVERSITY OF MARYLAND, COLLEGE PARK",53
The University of North Carolina at Chapel Hill,32
The University of South Florida,2
The University of Tulsa,8
The University of Utah Research Foundation,3
Thermal Ceramics UK Limited,3
"Thinika, LLC",6
Thomas Haring,8
Thomas Haring and Rima Haring,3
Thomson - CSF,2
"Three Bond Co., Ltd.",1
"THREEBOND CO., LTD.",2
THYSSENKRUPP AG,7
THYSSENKRUPP SYSTEM ENGINEERING GMBH,7
TIANJIN UNIVERSITY,4
Toa Nenryo Kogyo Kabushiki Kaisha,8
"Toagosei Co., Ltd.",5
TOAGOSEI CO. LTD.,10
"Toho Gas Co., Ltd.",2
"TOHO TITANIUM CO., LTD.",6
"TOHOKU TECHNO ARCH CO., LTD.",21
TOHOKU UNIVERSITY,21
"Tokai Aluminum Fiol Co., Ltd.",4
"Tokai Rubber Industries, Ltd.",3
Tokuyama Corporation,18
"TOKYO ELECTRIC POWER COMPANY HOLDINGS, INCORPORATED",6
"Tokyo Gas Co., Ltd.",2
TOKYO INSTITUTE OF TECHNOLOGY,33
Tokyo Institute of Technology,23
Tokyo Insititute of Technology,2
Tokyo Jidosha Kabushiki Kaisha,2
Tokyo Metropolitan University,18
TOKYO METROPOLITAN UNIVERSITY,10
"TOKYO OHKA KOGYO CO., LTD.",9
TOKYO UNIVERSITY OF SCIENCE FOUNDATION,2
Tonen Chemical Company,3
Tongji University,6
"Toray Battery Separator Film Co., Ltd.",4
Toray Battery Separator Film Co. Ltd.,3
"Toray Industries, Inc.",24
"TORAY INDUSTRIES, INC.",39
Toray Tonen Specialty Separator Godo Kaisha,5
"Toshiba Battery Co., Ltd.",7
Toshiba Infrastructure Systems & Solutions Corporation,4
Total Energies Nouvelles Activites USA,4
Total S.A.,4
TOTO LTD.,55
Toto Ltd.,29
"Touchstone Research Laboratory, Ltd.",8
TOYO ALUMINIUM KABUSHIKI KAISHA,3
Toyo Boseki Kabushiki Kaisha,43
"Toyo Roshi Kaisha, Ltd.",5
"TOYO TANSO CO., LTD.",7
"Toyota Auto Body Co., Ltd.",6
Toyota Jidosha Kabushiki Kaisha,406
TOYOTA JIDOSHA KABUSHIKI KAISHA,605
Kabushiki Kaisha Toyoda Jidoshokki Seisakusho,17
TOYTA JIDOSHA KABUSHIKI KAISHA,2
Toyota Jidoshi Kabushiki Kaisha,1
Toyota Jidosa Kabushiki Kaisha,1
Toyota Jidosha Kabuhiki Kaisha,6
TOYOTA JIDOSHA KABUSHIKI KAISHI,1
TOYOTA JIDOSHA KABUSHIKIA KAISHA,4
TOYOTA JIDOSHA KABUSHIKIKAISHA,1
Toyota Motor Corporation,7
"Toyota Motor Engineering & Manufacturing North America, Inc.",67
TOYOTA MOTOR ENGINEERING & MANUFACTURING NORTH AMERICA INC.,4
"TOYOTA MOTOR ENGINEERING & MANUFACTURING NORTH AMERICA, INC.",43
TOYOTA MOTOR EUROPE,12
Toyota Motor Europe,1
"Toyota Research Institute, Inc.",1
Toyota Shatai Kabushiki Kaisha,3
"Toyota Technical Center USA, Inc",12
Trans Ionics Corporation,1
"TRANSFERT PLUS, S.E.C.",3
"Trekion Co., Ltd.",3
Trenergi Corp.,2
TRENERGI CORPORATION,1
Treofan Germany GmbH & Co. KG,3
"Triad National Security, LLC",3
Trustees of Tufts College,5
Tsinghua University,41
TSINGHUA UNIVERSITY,10
Tufts University,15
TUM CREATE LIMITED,3
U.S. Department of Energy,6
U.S. Philips Corporation,1
U.S. The United States of America as represented by the United States Department of Energy,3
"Ube Industries, Ltd.",18
"UbeIndustries, Ltd.",5
"UBE Industries, Ltd.",6
"UBE INDUSTRIES, LTD.",2
UCAR Carbon Technology Corporation,18
UCAR Graph-Tech Inc.,1
"UChicago Argonne, LLC",38
"UCHICAGO ARGONNE, LLC",14
Uhde GmbH,4
United Kingdom Atomic Energy Authority,5
UNITED KINGDOM RESEARCH AND INNOVATION,3
ULSAN NATIONAL INSTITUTE OF SCIENCE AND TECHNOLOGY,8
UNIST (ULSAN NAT. INST. OF SCIENCE AND TECHNOLOGY),8
UNIST (ULSAN NATIONAL INSTITUTE OF SCIENCE AND TECHNOLOGY),20
UNIST (Ulsan National Institute of Science and Technology),8
UNIST (ULSAN NATIONAL INSTITUTE SCIENCE AND TECHNOLOGY),7
UNIST(ULSAN NATIONAL INSTITUTE OF SCIENCE AND TECHNOLOGY),11
"Ultracell, Inc.",2
Ultracell Incorporated,1
"UltraLife Batteries, Inc.",1
"Ultralife Batteries, Inc.",1
Umicore,18
Umicore AG & Co. KG,24
Umicore AG & Co KG,3
UMICORE,4
UMICORE KOREA LTD.,4
"Uni-Chemical Co., Ltd.",1
United States Department of Energy,1
United Technologies Corporation,23
UNITED TECHNOLOGIES CORPORATION,3
Unitika Ltd.,6
Universidade De Aveiro,4
UNIVERSIDADE DO PORTO,10
UNIVERSITA' DEGLI DI ROMA,2
Universitat Seigen,4
Universite Claude Bernard Lyon,7
UNIVERSITE DE MONTPELLIER,4
Universite de Montreal,93
University de Montreal,6
Universite de Nantes,4
UNIVERSITE DE NANTES,20
Universite Montpellier 2—Sciences et Techniques,4
Universite Paul Sabatier Toulouse III,5
Universitetet I Oslo,28
UNIVERSITI BRUNEI DARUSSALAM,3
University of Cincinnati,2
University Of Cincinnati,8
University of Connecticut,3
University of Dayton,11
UNIVERSITY OF DAYTON,3
UNIVERSITY OF DELAWARE,5
University of Delaware,11
"UNIVERSITY OF FLORIDA RESEARCH FOUNDATION, INC.",7
"University of Florida Research Foundation, Inc.",3
UNIVERSITY OF HOUSTON SYSTEM,5
University of Houston System,2
University of Iowa Research Foundation,12
UNIVERSITY OF KANSAS,4
UNIVERSITY OF LEEDS,4
University of Massachusetts,2
University of Rochester,4
University of South Carolina,11
University of South Florida,1
University of Southern California,39
UNIVERSITY OF SOUTHERN CALIFORNIA,18
UNIVERSITY OF TARTU,11
University of Tennessee Research Foundation,6
University of the Witwatersrand,5
University of Utah Research Foundation,4
University of Virginia Patent Foundation,18
UNIVERSITY OF YAMANASHI,7
University-Industry Cooperation Group of Kyung Hee University,4
Universty of Delaware,4
UOP LLC,4
"UT Automotive Dearborn, Inc.",1
Utah State University,2
"UT-Battelle, LLC",23
"UT - Battelle, LLC",4
"UT-BATTELLE, LLC",21
"UTC Fuel Cells, LLC",17
UTC Power Corporation,6
UTI Limited Partnership,1
"Valence Technology (Nevada), Inc.",3
"Valence Technology, Inc.",153
Valence Technology Inc.,2
"Valence Technology, Inc",4
VANDERBILT UNIVERSITY,12
Varta Batterie Aktiengesellschaft,11
VARTA Microbattery GmbH,2
Verily Life Sciences LLC,8
Vickers Shipbuilding and Engineering Limited,3
Victrex Manufacturing Limited,14
"VINATECH CO., LTD.",5
"Virginia Tech Intellectual Properties, Inc.",4
Vissers Battery Corporation,5
"Vital Signs, Inc.",1
Vlaamse Instelling Voor Technologisch Onderzoek,4
Vodafone AG,2
Volkswagen AG,4
VOLKSWAGEN AG,7
Volkswagen Aktiengesellschaft,1
"Volt Research, LLC",2
"W. L. Gore & Associates, Co., Ltd.",5
"W. L. Gore & Associates, Inc.",4
W. R. Grace & Co.-Conn.,8
Washington State University,2
Washington State University Research Foundation,3
"WATT AGENT, LLC",3
WATT Fuel Cell Corp.,6
WATT FUEL CELL CORP.,3
"WATTRII, Inc.",1
Werner Weppner,4
West Virginia University,10
WESTFALISCHE WILHELMS-UNIVERSITAT MUNSTER,12
Westinghouse Electric Corp.,25
Westinghouse Electric Corporation,46
"WILDCAT DISCOVERY TECHNOLOGIES, INC",4
"WILDCAT DISCOVERY TECHNOLOGIES, INC.",6
"Wildcat Discovery Technologies, Inc.",17
WILLIAM MARCH RICE UNIVERSITY,5
Wilson Greatbatch Ltd.,6
Wisconsin Alumni Research Foundation,6
WISCONSIN ALUMNI RESEARCH FOUNDATION,2
"World Properties, Inc.",6
X DEVELOPMENT LLC,1
X Development LLC,1
XCELLSIS GmbH,1
Xcellsis GmbH,2
Xebec Adsorption Inc.,3
Xergy Inc.,4
Xergy LTD,3
Xin Zhang,8
Yamaguchi University,4
YAZAKI CORPORATION,1
YKK Corporation,4
Yokohama National University,3
Yoshida Kogyo K.K.,7
"YOULCHON CHEMICAL CO., LTD.",12
Yuan Ze University,6
Yuan Ze university,6
"Yuasa Battery Co., Ltd.",18
Yuasa Battery Company Ltd.,2
Yuasa Corporation,46
YUGENKAISHA CHUSEIGIKEN,1
Yusaku Takita,4
Yusasa Corporation,2
"Zenlabs Energy, Inc.",12
Zentrum fur Sonnenenergie und Wasserstoff-Forschung Baden Wuetternberg Gemeinnuetzige Stiftung,4
Zeon Corporation,7
ZEON CORPORATION,17
Zhang Xin,8
ZNANO LLC,2
Ztek Corporation,20
